id,label,NOSE_x,NOSE_y,NOSE_z,LEFT_EAR_x,LEFT_EAR_y,LEFT_EAR_z,MOUTH_LEFT_x,MOUTH_LEFT_y,MOUTH_LEFT_z,LEFT_SHOULDER_x,LEFT_SHOULDER_y,LEFT_SHOULDER_z,LEFT_HIP_x,LEFT_HIP_y,LEFT_HIP_z,RIGHT_SHOULDER_x,RIGHT_SHOULDER_y,RIGHT_SHOULDER_z,RIGHT_HIP_x,RIGHT_HIP_y,RIGHT_HIP_z
0,mild_kyphosis,0.7278221845626831,0.1044396981596946,-0.390027642250061,0.6299850940704346,0.0915213525295257,-0.1449145376682281,0.7035224437713623,0.1230063736438751,-0.2952350378036499,0.518596887588501,0.202027142047882,0.2322933375835418,0.5085229873657227,0.4850502610206604,0.3466221988201141,0.5165196657180786,0.1991800963878631,-0.9193003177642822,0.5126470327377319,0.4837039113044739,-0.3469218611717224
1,mild_kyphosis,0.6393030285835266,0.1611656546592712,-0.5054358839988708,0.538593053817749,0.1374638974666595,-0.2165007293224334,0.6159639358520508,0.1860660016536712,-0.394033819437027,0.4449314475059509,0.2893832921981811,0.1827265322208404,0.404940515756607,0.6286579370498657,0.3229571580886841,0.3284126818180084,0.2843274772167206,-1.040991187095642,0.3361296951770782,0.6331593990325928,-0.3227104842662811
2,mild_kyphosis,0.0552226305007934,0.2618352770805359,-2.170304775238037,0.2875442802906036,0.2352080792188644,-2.345309972763061,0.1257205009460449,0.3016752004623413,-2.174025535583496,0.3458379209041595,0.4526330232620239,-2.340311288833618,0.5611391663551331,0.8212912082672119,-0.3074719607830047,0.4880644679069519,0.3497370481491089,-1.0939770936965942,0.6035782694816589,0.7650233507156372,0.3066359758377075
3,mild_kyphosis,0.4351464211940765,0.3276181519031524,-0.051602017134428,0.4958763420581817,0.3260588347911834,-0.2277978807687759,0.4424811899662018,0.3423937261104584,-0.0898311734199523,0.5046796202659607,0.409241110086441,-0.4450796842575073,0.4604595601558685,0.6171592473983765,-0.244626834988594,0.515379786491394,0.4138279557228088,0.3915513455867767,0.4759156703948974,0.6131763458251953,0.2445749044418335
4,mild_kyphosis,0.4463420808315277,0.1544451415538787,-0.0700787305831909,0.4850320816040039,0.1428176462650299,-0.20498126745224,0.4546934962272644,0.1673313975334167,-0.0950555205345153,0.4906183183193207,0.2173201888799667,-0.4145351946353912,0.4914501905441284,0.4488260746002197,-0.2140157669782638,0.5612272024154663,0.228900596499443,0.3452063202857971,0.5414162278175354,0.4549083113670349,0.2140475958585739
5,mild_kyphosis,0.4314379394054413,0.1320664584636688,-0.2178094238042831,0.4796244204044342,0.1236977577209472,-0.3479017317295074,0.4421108663082123,0.1510865688323974,-0.2459009885787964,0.5224060416221619,0.2250694930553436,-0.4984827637672424,0.5028278827667236,0.4877516627311706,-0.1862271875143051,0.5197572112083435,0.2304425686597824,0.1581596434116363,0.4997887313365936,0.487337052822113,0.1861810833215713
6,mild_kyphosis,0.5734694004058838,0.1136222407221794,-0.3366984724998474,0.5152520537376404,0.0977355614304542,-0.0918439999222755,0.5622035264968872,0.1306549310684204,-0.2452873736619949,0.4676544666290283,0.2024961858987808,0.2501082420349121,0.4579605162143707,0.4923958778381347,0.324112206697464,0.4400209188461303,0.2007990777492523,-0.7709178328514099,0.4376344680786133,0.4937942326068878,-0.3243043422698974
7,mild_kyphosis,0.5646965503692627,0.1637060046195984,-0.2939082086086273,0.5208830237388611,0.182335615158081,0.0548543781042099,0.5339425206184387,0.2019969820976257,-0.1643089801073074,0.3900755941867828,0.3846823573112488,0.426296055316925,0.4764196872711181,0.9703651070594788,0.3765282332897186,0.4441545903682709,0.3773537874221802,-1.0208179950714111,0.4576904773712158,0.9709839224815368,-0.3767964541912079
8,mild_kyphosis,0.6348512172698975,0.2527874112129211,-0.3671499788761139,0.5099310874938965,0.2119743227958679,-0.0931738913059234,0.594719648361206,0.285502552986145,-0.2647516131401062,0.4223253130912781,0.429524153470993,0.3009680807590484,0.4824178218841553,0.9622569680213928,0.3477943539619446,0.3810197114944458,0.4236648380756378,-0.975010097026825,0.4542508125305176,0.9448465704917908,-0.3454704284667969
9,mild_kyphosis,0.6645809412002563,0.1901247948408126,-0.4053722620010376,0.5571942925453186,0.1679039001464843,-0.1035683676600456,0.6394362449645996,0.2208017110824585,-0.2987700402736664,0.4967260062694549,0.3569679856300354,0.248932808637619,0.529562771320343,0.7704875469207764,0.2988125085830688,0.3930283486843109,0.3563599288463592,-0.9583626985549928,0.4687833786010742,0.7809041738510132,-0.2984964549541473
10,mild_kyphosis,0.6384891271591187,0.1435717344284057,-0.1264647543430328,0.5790470838546753,0.1282703876495361,0.0949752405285835,0.6250354051589966,0.1623398959636688,-0.0472170300781726,0.5156757831573486,0.2221197187900543,0.4042645394802093,0.5049799084663391,0.4928354024887085,0.3178306519985199,0.5266537666320801,0.2173024117946624,-0.5933653712272644,0.5167059302330017,0.491238385438919,-0.3179924190044403
11,mild_kyphosis,0.4523477852344513,0.1026429831981659,-0.3967375457286834,0.5617676973342896,0.0881092175841331,-0.6133272051811218,0.475894421339035,0.1227577105164527,-0.4267070293426513,0.6032770276069641,0.2140553295612335,-0.8019862174987793,0.5481451153755188,0.489412248134613,-0.3992818593978882,0.5549381971359253,0.2080217748880386,0.4135982990264892,0.503108561038971,0.4824465811252594,0.3991995751857757
12,mild_kyphosis,0.3831658065319061,0.1969302892684936,-0.1771686375141143,0.4366129338741302,0.1715054810047149,-0.3484269976615906,0.4064335823059082,0.2074980735778808,-0.2086595892906189,0.5297089219093323,0.2403998225927353,-0.4946753680706024,0.4860153794288635,0.4793742299079895,-0.2648520171642303,0.471530020236969,0.2583971917629242,0.2867865562438965,0.4824583530426025,0.4822503924369812,0.2651239037513733
13,mild_kyphosis,0.4506517946720123,0.3166323900222778,0.0161742661148309,0.5231587886810303,0.2923859357833862,-0.1706401854753494,0.4796492457389831,0.3293106257915497,-0.0328606180846691,0.647580087184906,0.3727061152458191,-0.3964888155460357,0.7545271515846252,0.5741532444953918,-0.2792512476444244,0.590128481388092,0.3707700669765472,0.4757055044174194,0.7056718468666077,0.5632551908493042,0.2794199883937835
14,mild_kyphosis,0.2251136302947998,0.1290757656097412,-0.932631492614746,0.3866695761680603,0.1113136708736419,-1.3895331621170044,0.2663710713386535,0.1439084708690643,-1.0276402235031128,0.5496665239334106,0.2133245766162872,-1.8585920333862305,0.4469697773456573,0.4866010248661041,-0.6438022255897522,0.469291090965271,0.2182192355394363,0.3923057317733764,0.3908789157867431,0.4859386086463928,0.6433097124099731
15,mild_kyphosis,0.5579784512519836,0.2587529420852661,-0.2814081609249115,0.4741852283477783,0.2554020285606384,-0.0504838861525058,0.5500220656394958,0.2954130172729492,-0.1989691108465194,0.4237174093723297,0.4673078954219818,0.2518000900745392,0.5113572478294373,0.8765287399291992,0.2810096442699432,0.4320482015609741,0.4513530433177948,-0.7621380090713501,0.5005846619606018,0.8943337798118591,-0.280214786529541
16,mild_kyphosis,0.4350989460945129,0.1098649799823761,-0.1870841532945633,0.4726978242397308,0.0873841941356659,-0.313606709241867,0.4455078542232513,0.1267938017845153,-0.2147114723920822,0.5148841738700867,0.2027200311422348,-0.4462477564811706,0.5117424130439758,0.4858777225017547,-0.1621405035257339,0.5110756754875183,0.2159601151943206,0.1423943787813186,0.5072169899940491,0.4890975654125213,0.1620660424232483
17,mild_kyphosis,0.5479052066802979,0.2444409132003784,-0.673299252986908,0.4443518221378326,0.2450557053089141,-0.376158744096756,0.5076632499694824,0.2785856127738952,-0.562543511390686,0.4251783490180969,0.371006965637207,-0.0461049377918243,0.3904525637626648,0.717179536819458,0.2537426054477691,0.404910147190094,0.4349872767925262,-0.9903175234794616,0.3800141811370849,0.756318211555481,-0.2535512745380401
18,mild_kyphosis,0.388711929321289,0.171984851360321,-0.3359371721744537,0.4906908571720123,0.1758470833301544,-0.5645087957382202,0.3983767628669739,0.2022704780101776,-0.3935709297657013,0.5454502105712891,0.3648585081100464,-0.7640504240989685,0.521764874458313,0.7241955399513245,-0.2454533576965332,0.5347805023193359,0.3604858815670013,0.1704480051994323,0.5291324257850647,0.7036771178245544,0.2458534389734268
19,mild_kyphosis,0.721214234828949,0.2777418792247772,-0.252308577299118,0.6306038498878479,0.2639595568180084,-0.2494861483573913,0.684956967830658,0.2952880263328552,-0.2157890498638153,0.670082688331604,0.3510298430919647,-0.0601030886173248,0.6028116345405579,0.6483172178268433,0.236380323767662,0.4276613295078277,0.3630246818065643,-0.9185863733291626,0.4667970538139343,0.6560118794441223,-0.2354485541582107
20,mild_kyphosis,0.3308242857456207,0.2199262976646423,-0.1812714040279388,0.3297211825847626,0.224286749958992,-0.377465009689331,0.3423928320407867,0.2598011493682861,-0.21945621073246,0.365891546010971,0.4210473895072937,-0.2543527483940124,0.4731627404689789,0.8725666999816895,0.2440914511680603,0.4688097834587097,0.4048551023006439,-0.7978779673576355,0.5256786942481995,0.8713242411613464,-0.2441940158605575
21,mild_kyphosis,0.7973229885101318,0.4945681989192962,0.0178041458129882,0.8221906423568726,0.4528579115867615,0.2016803920269012,0.7730294466018677,0.4874080121517181,0.0859285369515419,0.689981997013092,0.4329487681388855,0.4529857933521271,0.3307291865348816,0.5006952285766602,0.2986074388027191,0.7186686396598816,0.4551839828491211,-0.4510996341705322,0.3073503375053406,0.4964125454425812,-0.2984138429164886
22,mild_kyphosis,0.3681162297725677,0.1418562531471252,-0.238963320851326,0.5344647169113159,0.145229160785675,-0.7422594428062439,0.3935306668281555,0.1754922270774841,-0.3623784482479095,0.5827046036720276,0.3230660557746887,-1.2277843952178955,0.5281639695167542,0.7847033143043518,-0.5216192603111267,0.5683853030204773,0.3158683180809021,0.6368178725242615,0.5313084125518799,0.7773371338844299,0.5229935050010681
23,mild_kyphosis,0.2662027776241302,0.2246329188346862,-0.5315908193588257,0.3921669125556946,0.2127466350793838,-0.8557745814323425,0.2946728765964508,0.2496533095836639,-0.6087983846664429,0.4857595562934875,0.3767012357711792,-1.1877834796905518,0.5640048384666443,0.7501844763755798,-0.4056378602981567,0.4853371679782867,0.3645959496498108,0.296586662530899,0.530380368232727,0.749945878982544,0.4057085812091827
24,mild_kyphosis,0.578410804271698,0.1141431108117103,-0.4348093569278717,0.4857413470745086,0.0998004078865051,-0.1778229176998138,0.5569342374801636,0.1351329088211059,-0.3361080586910248,0.3896769881248474,0.2339046150445938,0.1446681320667266,0.4145829677581787,0.5376421213150024,0.2948459982872009,0.3575452864170074,0.228444218635559,-0.8462765216827393,0.4101605117321014,0.5396616458892822,-0.2950810492038727
25,mild_kyphosis,0.2594844400882721,0.1023230552673339,-1.3764642477035522,0.4758360385894775,0.0836505591869354,-2.021560907363892,0.3121457993984222,0.118308313190937,-1.5060029029846191,0.6643229126930237,0.1937079727649688,-2.633245944976806,0.5252286791801453,0.4819284081459045,-0.8541157245635986,0.6151039600372314,0.1939624845981598,0.4281783401966095,0.4848896563053131,0.4778301119804382,0.8525539040565491
27,normal,0.2142766714096069,0.129844069480896,-0.7692731618881226,0.3720634877681732,0.1206023171544075,-1.280435562133789,0.2436773031949997,0.1478263139724731,-0.8784996867179871,0.4264000952243805,0.2356832921504974,-1.8422889709472656,0.4200581908226013,0.5258844494819641,-0.7072655558586121,0.5660651326179504,0.2239926755428314,0.5825794339179993,0.5093656182289124,0.5144020318984985,0.7068390846252441
28,normal,0.650475025177002,0.1099786162376403,-0.195377230644226,0.5145292282104492,0.0876785814762115,0.2635744512081146,0.6242775321006775,0.1261490285396576,-0.0279871430248022,0.3511974215507507,0.1966795921325683,0.9186894297599792,0.3665368556976318,0.4669033885002136,0.662564218044281,0.4479904770851135,0.1852073669433593,-1.2294610738754272,0.4403002858161926,0.4634560048580169,-0.6633413434028625
29,normal,0.4528882801532745,0.0747497975826263,-1.90594744682312,0.6215108633041382,0.0663515627384185,-1.5031826496124268,0.5184145569801331,0.0947176441550254,-1.7436960935592651,0.7831207513809204,0.1942552626132965,-1.4698920249938965,0.6374384164810181,0.462358146905899,-0.4379207789897918,0.3908838927745819,0.1873471885919571,-0.0977359637618064,0.3779605627059936,0.4637605547904968,0.4374324083328247
30,normal,0.7774307727813721,0.1584356129169464,-0.9958271384239196,0.6266093254089355,0.1457858681678772,-0.5172691345214844,0.7528895139694214,0.1860958337783813,-0.8207946419715881,0.560032844543457,0.2969100475311279,0.089589811861515,0.5785277485847473,0.650210976600647,0.5378878116607666,0.5189487338066101,0.3046880960464477,-1.680592656135559,0.557386040687561,0.6559130549430847,-0.5379754900932312
31,normal,0.2354974597692489,0.0898479521274566,-1.2653772830963137,0.4441775381565094,0.0842257440090179,-1.8322097063064573,0.2689627408981323,0.1086303293704986,-1.3808027505874634,0.548344612121582,0.2000983357429504,-2.468345880508423,0.4829292893409729,0.4796839952468872,-0.8458566665649414,0.4491499960422516,0.2050722241401672,0.4920439124107361,0.4154624044895172,0.4836061298847198,0.8450791239738464
32,normal,0.2203171849250793,0.1298890113830566,-1.1021149158477783,0.4269145727157593,0.1236761510372161,-1.7005094289779663,0.2598958015441894,0.1468326449394226,-1.2304999828338623,0.5491092205047607,0.2314769029617309,-2.301458835601806,0.5541192889213562,0.4891848564147949,-0.8373357653617859,0.6032698154449463,0.2311289608478546,0.5022455453872681,0.5942230224609375,0.4836989641189575,0.8361021876335144
33,normal,0.3437871038913727,0.0711764395236969,0.8022878170013428,0.3450569808483124,0.0607875287532806,0.1410641819238662,0.343842089176178,0.0889697670936584,0.636160671710968,0.2997974753379822,0.1556809842586517,-0.4506850242614746,0.3852425515651703,0.4474321603775024,-0.3767644166946411,0.6044184565544128,0.1773359179496765,0.7715241312980652,0.60944002866745,0.45027557015419,0.3757149577140808
34,normal,0.7273080945014954,0.2197082638740539,-0.4987644255161285,0.5079402327537537,0.2200698256492614,-0.0731277540326118,0.7126666307449341,0.2560089230537414,-0.3479140698909759,0.380041241645813,0.4443208277225494,0.5064825415611267,0.3286508023738861,0.9426256418228148,0.5796411633491516,0.488909363746643,0.464202731847763,-1.4407122135162354,0.3984658718109131,0.9797084331512452,-0.5776636004447937
35,normal,0.7190126180648804,0.092784583568573,-0.6965789198875427,0.5731821060180664,0.0795073509216308,-0.2169778645038604,0.6986876726150513,0.1121008992195129,-0.5091407895088196,0.4709580838680267,0.1958348453044891,0.5393557548522949,0.4839645624160766,0.4713720083236694,0.6656468510627747,0.4707284271717071,0.194054439663887,-1.6265134811401367,0.5016411542892456,0.4703742861747741,-0.6662800908088684
36,normal,0.4374015629291534,0.1052106618881225,-2.0319740772247314,0.6185377240180969,0.0982756689190864,-1.642412185668945,0.4982688724994659,0.1270883679389953,-1.877132058143616,0.8150750398635864,0.2316421121358871,-1.4497989416122437,0.6451683044433594,0.4733685851097107,-0.2883338630199432,0.3309697210788727,0.213082730770111,-0.4808323979377746,0.3632402420043945,0.4755840599536896,0.2874573171138763
37,normal,0.6331329345703125,0.1073689237236976,-0.4095920026302337,0.5290905833244324,0.09935262799263,0.0455036833882331,0.6189725995063782,0.1267967224121093,-0.2453985661268234,0.4802497923374176,0.1993085891008377,0.6929365396499634,0.4767474234104156,0.4426903426647186,0.6307694315910339,0.4042864441871643,0.1922405213117599,-1.2921797037124634,0.4248186349868774,0.441331148147583,-0.6303303241729736
38,normal,0.3909449279308319,0.1314586997032165,-0.1997296661138534,0.3115733861923218,0.1208409145474433,0.0689342692494392,0.3750860095024109,0.1547614932060241,-0.1058409437537193,0.2676258683204651,0.2488135397434234,0.45241180062294,0.2545153796672821,0.5393639206886292,0.4035934805870056,0.2143375724554062,0.2577816843986511,-0.7740593552589417,0.220256432890892,0.5569649338722229,-0.4030085206031799
39,normal,0.6394168138504028,0.0929616689682006,-0.3649526536464691,0.4795227348804474,0.0829701125621795,0.1840407401323318,0.6161829233169556,0.1116589307785034,-0.1581220477819442,0.3818095028400421,0.1895516365766525,1.039214849472046,0.4252882301807403,0.4427837133407593,0.8028852343559265,0.3561442792415619,0.1806982308626175,-1.5752562284469604,0.4012384116649627,0.4415552616119385,-0.8027479648590088
40,normal,0.8394591808319092,0.1067748069763183,-0.7236160039901733,0.6681276559829712,0.0944129824638366,-0.2875691950321197,0.8137903213500977,0.1294764578342437,-0.5574991703033447,0.5757255554199219,0.227848619222641,0.3170631527900696,0.6132131814956665,0.5222653150558472,0.5148010849952698,0.491881251335144,0.2237657606601715,-1.5585788488388062,0.5815911293029785,0.5241307616233826,-0.5152751803398132
41,normal,0.6302845478057861,0.365121066570282,-0.2315129041671753,0.6741840243339539,0.322791039943695,-0.3337285816669464,0.6489356160163879,0.391495406627655,-0.2485001385211944,0.7385026812553406,0.5032877326011658,-0.4355324506759643,0.78663569688797,0.9050916433334352,-0.1495112627744674,0.7049769759178162,0.4856440424919128,0.1429755687713623,0.7459956407546997,0.8657448291778564,0.1500306725502014
42,normal,0.2829896211624145,0.1120878756046295,-1.3708748817443848,0.4334006309509277,0.0998939871788024,-0.984093964099884,0.3375473618507385,0.1295577883720398,-1.2216747999191284,0.6275179386138916,0.208456888794899,-0.9428101181983948,0.4785138368606567,0.4581198394298553,-0.297190397977829,0.229796826839447,0.2169270515441894,0.2126975804567337,0.2353917807340622,0.4602125287055969,0.2975619733333587
43,normal,0.6118348240852356,0.0720296502113342,-1.0775740146636963,0.6293380856513977,0.0717802047729492,-0.3061574399471283,0.6256109476089478,0.092827059328556,-0.8148698806762695,0.6575335264205933,0.1960979253053665,0.3470726311206817,0.6932063102722168,0.4467239677906036,0.3251821994781494,0.2806326150894165,0.1783371716737747,-0.9084975123405457,0.4264126121997833,0.4393511712551117,-0.3252456188201904
44,normal,0.5644654631614685,0.1994945406913757,-0.4246588945388794,0.4939781427383423,0.2001307606697082,-0.1385814696550369,0.5864267349243164,0.2290399521589279,-0.3237867355346679,0.4731068611145019,0.3360229432582855,0.1041400507092475,0.4778192639350891,0.7372094988822937,0.3243811726570129,0.4750408232212066,0.3710474073886871,-0.8532474637031555,0.4703751504421234,0.7655667066574097,-0.32491534948349
45,normal,0.3482469320297241,0.1838078796863556,-0.6344606280326843,0.4914505779743194,0.1704786270856857,-0.990915060043335,0.3773766756057739,0.2090994715690612,-0.718904972076416,0.6145650148391724,0.3447737991809845,-1.3588608503341677,0.5760154128074646,0.7265700697898865,-0.4558350741863251,0.5407706499099731,0.3438589572906494,0.2484199851751327,0.5026735067367554,0.7258066534996033,0.4554965794086456
46,normal,0.2654784917831421,0.0881054997444152,-0.2006210386753082,0.4168711900711059,0.0803480148315429,-0.6839721202850342,0.2983559668064117,0.104801058769226,-0.3107134699821472,0.5287685394287109,0.1831827014684677,-1.220250964164734,0.5280365943908691,0.4459278285503387,-0.6207780838012695,0.5499287247657776,0.1845723986625671,0.894666314125061,0.5496451258659363,0.4411588609218597,0.620337724685669
47,normal,0.7390859723091125,0.155814379453659,-0.0338684730231761,0.6908792853355408,0.1473737955093383,0.2440200299024582,0.7348815202713013,0.1744295954704284,0.0567879416048526,0.665103554725647,0.2587472200393677,0.5507991313934326,0.549858033657074,0.4906127452850342,0.3095201849937439,0.6036837100982666,0.23101207613945,-0.3669116199016571,0.5664688944816589,0.4905980825424194,-0.3097292184829712
48,normal,0.3356362283229828,0.1383060812950134,-0.2137483656406402,0.38835209608078,0.1401606202125549,-0.396293044090271,0.3437930643558502,0.1566526293754577,-0.2548915445804596,0.4401368498802185,0.2302034944295883,-0.5925432443618774,0.4698212146759033,0.4725363552570343,-0.2304673194885254,0.3946265578269958,0.2313854396343231,0.2811984121799469,0.3955176472663879,0.4762362241744995,0.2303192764520645
49,normal,0.5908610224723816,0.1366768479347229,-0.5105879902839661,0.5303823947906494,0.1298249959945678,-0.2142587006092071,0.580967128276825,0.1580441296100616,-0.3999484777450561,0.5221208930015564,0.2459772825241089,0.1891245543956756,0.504026472568512,0.5262362360954285,0.3340245485305786,0.4058660864830017,0.2426179498434066,-0.9140744805336,0.4851365089416504,0.5255950689315796,-0.334053635597229
50,normal,0.6902976632118225,0.0807785093784332,-2.7094593048095703,0.6873336434364319,0.0706071853637695,-1.4677209854125977,0.7105126976966858,0.1000833809375763,-2.2969071865081787,0.8203328847885132,0.1964323222637176,-0.3040198087692261,0.7081185579299927,0.4566067159175873,0.4797099828720093,0.226647138595581,0.1835430264472961,-1.8352681398391724,0.3904676735401153,0.4530169367790222,-0.4804681539535522
51,normal,0.593376100063324,0.1197229325771331,-0.2693647742271423,0.5056313872337341,0.1060630083084106,0.0764514505863189,0.5778396129608154,0.140289694070816,-0.1381358802318573,0.4821795523166656,0.2345231175422668,0.5502004027366638,0.4842805862426758,0.4855916202068329,0.427342802286148,0.3486112654209137,0.2078740894794464,-0.8959125876426697,0.3727262020111084,0.4762418866157532,-0.4275171458721161
52,normal,0.5864412784576416,0.0784870088100433,-1.960578441619873,0.6289995312690735,0.0726814866065979,-1.0751497745513916,0.6074222326278687,0.1006816998124122,-1.6636817455291748,0.6794894933700562,0.1928702294826507,-0.2337746620178222,0.6147134304046631,0.4601438641548157,0.3747018277645111,0.273590087890625,0.1913763731718063,-1.4405008554458618,0.3683315515518188,0.4558485746383667,-0.3757975995540619
53,normal,0.4054116010665893,0.1094992160797119,-0.0787620767951011,0.3383999764919281,0.0981724858283996,0.353585809469223,0.4060688316822052,0.1274600625038147,0.0740073472261428,0.3885761201381683,0.1977510154247284,0.8023470044136047,0.4363549649715423,0.4633850157260895,0.4362101554870605,0.2680714428424835,0.2132588326930999,-0.5472599267959595,0.3905001282691955,0.4668112695217132,-0.4372125566005707
54,normal,0.4290416538715362,0.1586460173130035,-0.1435250639915466,0.4712114036083221,0.1434153318405151,-0.2626593708992004,0.4377443194389343,0.1757631301879882,-0.1689742505550384,0.5096574425697327,0.2377203702926635,-0.4002728760242462,0.5016145706176758,0.4991963803768158,-0.1633967161178589,0.499085396528244,0.247278481721878,0.1788944005966186,0.497493714094162,0.4984035789966583,0.1633542031049728
55,normal,0.4684330523014068,0.1427593529224395,-0.1419572979211807,0.4505960941314697,0.125751793384552,0.0039282348006963,0.4646665155887604,0.1620020568370819,-0.0916614234447479,0.4189838469028473,0.2488468736410141,0.1733892112970352,0.3842733800411224,0.5479273200035095,0.1333586722612381,0.4094102680683136,0.229939728975296,-0.2569575905799866,0.3602007329463959,0.5482825636863708,-0.1333650350570678
56,normal,0.6523615121841431,0.0708099603652954,-1.385950207710266,0.6713351607322693,0.0647256672382354,-0.7068209648132324,0.6636172533035278,0.093696117401123,-1.1538217067718506,0.7066830396652222,0.1869102567434311,-0.0591767653822898,0.645037055015564,0.4524718523025512,0.3332017064094543,0.3325257301330566,0.1824347078800201,-1.186946988105774,0.4213563501834869,0.4474154710769653,-0.334462970495224
57,normal,0.6786044239997864,0.1687401533126831,-0.5146958827972412,0.5191771388053894,0.1667209863662719,0.0695971325039863,0.6618376970291138,0.222683846950531,-0.3180688917636871,0.5191601514816284,0.4783952236175537,0.8145816326141357,0.5235493183135986,1.1095592975616455,0.7983916401863098,0.3964677453041076,0.4824625551700592,-1.594188928604126,0.4781936407089233,1.1342675685882568,-0.7973392009735107
58,normal,0.4833779335021972,0.3174900114536285,-0.715884268283844,0.6045694351196289,0.2951163351535797,-0.598699688911438,0.5173002481460571,0.3489533066749573,-0.6541399955749512,0.6501588821411133,0.429639607667923,-0.5332911014556885,0.5585564374923706,0.6786075234413147,-0.0543477721512317,0.4365855753421783,0.3862777352333069,-0.1850475817918777,0.4319528043270111,0.671204686164856,0.0545597784221172
59,normal,0.2956839203834533,0.1073641180992126,-1.0578747987747192,0.4679127335548401,0.0987234711647033,-1.5039523839950562,0.3244752585887909,0.1249991282820701,-1.1501044034957886,0.572424590587616,0.2112931609153747,-2.014806270599365,0.5091039538383484,0.4878818690776825,-0.6790610551834106,0.4642993509769439,0.2170943319797516,0.3700404465198517,0.4347139000892639,0.4890714287757873,0.6782119274139404
60,normal,0.6640745997428894,0.1105532944202423,-0.6226273775100708,0.530123233795166,0.1014231443405151,-0.0349022410809993,0.6442807912826538,0.1287178099155426,-0.4049844443798065,0.48819100856781,0.2095700651407241,0.8159210085868835,0.4427230358123779,0.4653438925743103,0.7952128052711487,0.3649166226387024,0.1942631602287292,-1.698239803314209,0.38330939412117,0.4587534070014953,-0.7949560284614563
61,normal,0.4638535380363464,0.2400069683790207,-0.0678009837865829,0.4434073865413666,0.2241770178079605,0.0487181469798088,0.4569509923458099,0.257597953081131,-0.0277361832559108,0.4342714846134186,0.3338767290115356,0.1819422096014022,0.3924658596515655,0.5549442172050476,0.1147238388657569,0.3828389644622803,0.2939258217811584,-0.1753503829240799,0.3879961669445038,0.5499460101127625,-0.1146375834941864
62,normal,0.347740113735199,0.1667579710483551,-0.9879021048545836,0.5528304576873779,0.162538081407547,-0.7732200026512146,0.3920236825942993,0.2028879076242447,-0.906158208847046,0.5136315822601318,0.3200007379055023,-1.083073973655701,0.4684213697910309,0.7067995071411133,-0.4706062376499176,0.5429402589797974,0.3110358119010925,0.4766654968261719,0.4628594517707824,0.6860204935073853,0.4701726734638214
63,normal,0.2264112830162048,0.2166232913732528,-0.7733393311500549,0.4340060353279114,0.2015231251716613,-1.2506802082061768,0.2763188779354095,0.2618552446365356,-0.8884739875793457,0.5985245108604431,0.4456343352794647,-1.6652940511703491,0.6413465738296509,0.9995375275611876,-0.5167118310928345,0.5133821368217468,0.4292297661304474,0.3826818168163299,0.5243703126907349,0.9962832927703856,0.5204341411590576
64,normal,0.3353616893291473,0.0933192670345306,-1.1374247074127195,0.4967335760593414,0.0815832614898681,-0.8500397205352783,0.3963609933853149,0.1125968694686889,-1.0213403701782229,0.6752640008926392,0.1896048635244369,-0.9107500314712524,0.5202229022979736,0.4394953846931457,-0.380829781293869,0.3127182126045227,0.1947827041149139,0.3467964231967926,0.2971535921096802,0.4396701455116272,0.3807883858680725
65,normal,0.4907493591308594,0.0949361398816108,0.3966606557369232,0.4036352634429931,0.0819951295852661,0.5267988443374634,0.4694704711437225,0.1119724512100219,0.4598749279975891,0.2426459491252899,0.1973992884159088,0.8933969736099243,0.3299335539340973,0.4563900828361511,0.5251052975654602,0.5097784996032715,0.1724454164505005,-0.7417165637016296,0.5079748630523682,0.4536760747432709,-0.5260913372039795
66,normal,0.5710554122924805,0.1629225313663482,-0.2475777119398117,0.516362726688385,0.153903990983963,-0.0323408246040344,0.565467119216919,0.1802022457122802,-0.1674203127622604,0.4837477207183838,0.2499836683273315,0.2849852442741394,0.5054609179496765,0.4986647665500641,0.2945428788661957,0.4810644090175628,0.2482863962650299,-0.6436228156089783,0.5048008561134338,0.5014467835426331,-0.2946939170360565
67,normal,0.5514757037162781,0.1692822575569152,-0.1933856010437011,0.5240111351013184,0.1591816544532776,0.1117653399705886,0.5504910945892334,0.1866419613361358,-0.0905059203505516,0.4891784787178039,0.2511957585811615,0.4514035284519195,0.5116108059883118,0.4730461239814758,0.2516711056232452,0.4894196689128876,0.2476601302623748,-0.3196618854999542,0.5201681852340698,0.4721824824810028,-0.2521370649337768
68,normal,0.1906627416610717,0.1346683502197265,-0.5687746405601501,0.3176036179065704,0.1264693737030029,-0.941032350063324,0.2147250026464462,0.1519952118396759,-0.6437426209449768,0.4665101170539856,0.2263567596673965,-1.30503511428833,0.4780438840389251,0.5153969526290894,-0.5315713286399841,0.3703753650188446,0.2270757555961609,0.4709116518497467,0.4104084074497223,0.5109428763389587,0.5315722823143005
69,normal,0.3147574663162231,0.110471524298191,0.2960277497768402,0.3563081622123718,0.0988528802990913,-0.1668217480182647,0.3327078521251678,0.1242004036903381,0.2023090422153473,0.3402647972106933,0.1799093037843704,-0.712630569934845,0.3732171058654785,0.4455945491790771,-0.4916151165962219,0.6463128924369812,0.197049394249916,0.8658806681632996,0.5695274472236633,0.4472748041152954,0.4905869364738464
70,normal,0.5147324204444885,0.1781170666217804,-0.3795531094074249,0.5905638337135315,0.1747790873050689,-0.3381293416023254,0.5308176875114441,0.1967495083808899,-0.3559071719646454,0.6695243120193481,0.2809328436851501,-0.4413633048534393,0.5917860865592957,0.5189288258552551,-0.2466511130332946,0.5029318332672119,0.2695768475532532,0.2599339187145233,0.519930899143219,0.512191653251648,0.2470082640647888
71,normal,0.5576438307762146,0.1613855957984924,-0.3838980495929718,0.6210217475891113,0.1538013815879821,-0.5550781488418579,0.5697044730186462,0.180197536945343,-0.4157111942768097,0.654716968536377,0.2458800077438354,-0.7501657009124756,0.6470862627029419,0.5198931097984314,-0.2567809522151947,0.6475285291671753,0.2469881772994995,0.1588055491447448,0.6333807110786438,0.5153301954269409,0.2565197646617889
72,normal,0.3289088606834411,0.1165924072265625,0.1717013120651245,0.3985127508640289,0.1093044579029083,-0.3318157494068146,0.3479416668415069,0.1319366991519928,0.0683136284351348,0.3854378461837768,0.1905665248632431,-0.8732574582099915,0.4352170825004577,0.4555012881755829,-0.4905978441238403,0.6292109489440918,0.2025090754032135,0.874832034111023,0.6340980529785156,0.4566021263599396,0.4898847937583923
73,normal,0.5189799070358276,0.1412132382392883,-0.1592367738485336,0.4610631763935089,0.1313061714172363,0.0303777288645505,0.5112533569335938,0.1598228514194488,-0.0910873934626579,0.4102149605751037,0.2212326675653457,0.2759613394737243,0.3943250179290771,0.4928160607814789,0.2572548985481262,0.397106796503067,0.2123168110847473,-0.5329822301864624,0.3811332881450653,0.4871111810207367,-0.2564888000488281
74,normal,0.6596720218658447,0.1109019815921783,-0.2204459905624389,0.5290685296058655,0.0960447192192077,0.2161223888397216,0.6350530385971069,0.130327433347702,-0.0544406846165657,0.4822081625461578,0.2019996494054794,0.87732994556427,0.5275148749351501,0.4672917127609253,0.6152312159538269,0.4028132557868957,0.1910683512687683,-1.1866858005523682,0.4722413122653961,0.4616382718086242,-0.6156049966812134
75,normal,0.5853974223136902,0.1541916728019714,-0.3184940814971924,0.5335444211959839,0.1429671943187713,-0.0774209424853324,0.5768871903419495,0.1743074059486389,-0.2302217334508896,0.4996119439601898,0.248533234000206,0.2208961844444275,0.4767099916934967,0.5285082459449768,0.2334460765123367,0.4362721443176269,0.2485040128231048,-0.5150209069252014,0.511825680732727,0.5333843231201172,-0.2333120107650756
76,normal,0.2624105513095855,0.1243626177310943,-0.5552312731742859,0.4071520268917084,0.1183558106422424,-0.9073173403739928,0.2855377793312073,0.1486466825008392,-0.6312584280967712,0.4657909870147705,0.24449422955513,-1.219481348991394,0.4987238049507141,0.5272914171218872,-0.4051509797573089,0.5273783206939697,0.2384867072105407,0.2857396602630615,0.5392018556594849,0.5214966535568237,0.4044188857078552
77,normal,0.5952537059783936,0.160815417766571,-0.5031257271766663,0.4772528111934662,0.1456137001514434,-0.2045664340257644,0.5726128220558167,0.1826134622097015,-0.391768604516983,0.4082209467887878,0.2671710252761841,0.1765782535076141,0.4359976053237915,0.5394108295440674,0.3585388362407684,0.3731424808502197,0.2639744281768799,-1.0116289854049685,0.4335531592369079,0.5398356914520264,-0.3586384057998657
78,normal,0.464565098285675,0.1168874502182006,-0.1143911033868789,0.5325164198875427,0.1109529435634613,-0.3440782725811004,0.4786127507686615,0.1355061531066894,-0.1604868620634079,0.5504152774810791,0.2158113270998001,-0.5484243631362915,0.5325045585632324,0.479768306016922,-0.2824825942516327,0.5763118863105774,0.2171284109354019,0.3783142864704132,0.5486454963684082,0.48187455534935,0.2823704779148102
79,normal,0.5340912938117981,0.1482472717761993,-0.6589168906211853,0.5173295736312866,0.1429570913314819,-0.3155569434165954,0.5353538393974304,0.1658128201961517,-0.5408707857131958,0.5326690673828125,0.2474671155214309,0.0551422610878944,0.5421444177627563,0.4821105301380157,0.2269622534513473,0.4125903844833374,0.2340502738952636,-0.670785129070282,0.4669173061847687,0.4830365777015686,-0.2271272093057632
80,normal,0.5081461668014526,0.1244644522666931,-0.6546237468719482,0.6302757263183594,0.1266377866268158,-0.4801514446735382,0.535865068435669,0.1509613096714019,-0.5913607478141785,0.7606742978096008,0.2487052679061889,-0.658406138420105,0.6286178231239319,0.5179348587989807,-0.376721441745758,0.4900814592838287,0.2396577000617981,0.4252741038799286,0.5232245922088623,0.5134603977203369,0.3777727782726288
81,normal,0.2358759641647339,0.0910785570740699,-0.3326469361782074,0.4013012945652008,0.0821269154548645,-0.8469234108924866,0.2700110375881195,0.1068827211856842,-0.4495216012001037,0.5343101024627686,0.1836408823728561,-1.426355242729187,0.5201801657676697,0.4374658763408661,-0.6665840148925781,0.4979333281517029,0.1871249079704284,0.90012127161026,0.5236396789550781,0.4355663657188415,0.6659606695175171
82,normal,0.6337145566940308,0.0966708064079284,-2.229843616485596,0.6034178733825684,0.0836485624313354,-1.1473641395568848,0.6612335443496704,0.1174173951148986,-1.8721760511398315,0.8131068348884583,0.2153305411338806,-0.2747340202331543,0.6730690002441406,0.4691451489925384,0.404455691576004,0.2002804428339004,0.2162330150604248,-1.432997703552246,0.3616360425949096,0.4630680084228515,-0.4049013555049896
83,normal,0.6534518003463745,0.0941317081451416,-0.9307790398597716,0.6071937680244446,0.0892650187015533,-0.1806763112545013,0.656360924243927,0.1114265620708465,-0.6676398515701294,0.6798509359359741,0.2086009234189987,0.5101178884506226,0.668662965297699,0.4525838196277618,0.3847883641719818,0.3021835088729858,0.1979539543390274,-1.0157829523086548,0.4005544781684875,0.4440805912017822,-0.3846296668052673
84,normal,0.3580403625965118,0.1024933755397796,-1.2629992961883545,0.5653818845748901,0.0948489904403686,-1.264251947402954,0.4178435206413269,0.1218427419662475,-1.210761308670044,0.7975471019744873,0.210591435432434,-1.3294881582260132,0.6134369373321533,0.46466726064682,-0.4100845456123352,0.2927436530590057,0.2170503437519073,0.0094343451783061,0.3467758297920227,0.4618496298789978,0.4095059931278229
85,normal,0.2201473414897918,0.1755948662757873,-0.6548037528991699,0.4084281921386719,0.1523693948984146,-1.241074562072754,0.262601375579834,0.2098239064216613,-0.796242892742157,0.5288015007972717,0.3716782331466675,-1.9085910320281985,0.5274848937988281,0.8959692716598511,-0.7611086964607239,0.5102485418319702,0.3654757142066955,0.8041868209838867,0.550447404384613,0.8857696652412415,0.7628523707389832
86,normal,0.6587166786193848,0.1163473427295684,-0.7278628349304199,0.515950083732605,0.0993712246417999,-0.2791652381420135,0.6235440373420715,0.1359849870204925,-0.5617973208427429,0.3655353784561157,0.2118412107229232,0.3609112203121185,0.3958610296249389,0.4451150894165039,0.6353799700737,0.4519319832324981,0.2129915058612823,-1.6850112676620483,0.4531938135623932,0.4453663229942322,-0.6374593377113342
87,normal,0.2066598981618881,0.1152346432209014,-0.8150601387023926,0.4637384712696075,0.1051863133907318,-1.4591119289398191,0.2389462292194366,0.1325222253799438,-0.9575565457344056,0.5951352715492249,0.2134901285171508,-2.2075655460357666,0.4971956014633178,0.4821456372737884,-0.8783201575279236,0.4898163676261902,0.2194689810276031,0.9368800520896912,0.3877214789390564,0.4799726903438568,0.8780210614204407
88,normal,0.5764639377593994,0.2623694241046905,-0.0587869845330715,0.6644503474235535,0.247274100780487,-0.2216394692659378,0.6025086641311646,0.2807175815105438,-0.097767598927021,0.7639915943145752,0.3467375934123993,-0.4269497394561767,0.747544527053833,0.5812157988548279,-0.237140342593193,0.6728709936141968,0.3427752256393432,0.3805049657821655,0.6896858811378479,0.5713345408439636,0.2373377233743667
89,normal,0.4130076169967651,0.0995261445641517,-0.28981813788414,0.4847705960273742,0.0956592783331871,-0.4836865365505218,0.4225843846797943,0.1184047982096672,-0.3309512138366699,0.5137856006622314,0.1990728974342346,-0.7032297849655151,0.546068012714386,0.465284913778305,-0.2774786055088043,0.493091732263565,0.2082213163375854,0.2528036534786224,0.5183973908424377,0.4700178205966949,0.2774550318717956
90,normal,0.3341460525989532,0.1162291765213012,-0.0684427693486213,0.3847759664058685,0.0960151851177215,-0.2237213402986526,0.3498103320598602,0.1342591941356659,-0.0975727215409278,0.4164557158946991,0.2014210820198059,-0.3864463269710541,0.4009305536746979,0.4698346853256225,-0.2195934653282165,0.4180663824081421,0.206360638141632,0.3213742673397064,0.4015190303325653,0.4655731916427612,0.2196359485387802
91,normal,0.6156381964683533,0.2312113493680954,-0.1608964949846267,0.57173752784729,0.2143172323703766,0.159567728638649,0.6037418246269226,0.2448734790086746,-0.0618192441761493,0.5381667613983154,0.304326593875885,0.4206567406654358,0.3570663630962372,0.5107594132423401,0.2623193264007568,0.4553771913051605,0.2716821432113647,-0.3147500157356262,0.3867381513118744,0.5089560747146606,-0.2631092369556427
92,normal,0.6128133535385132,0.1119326055049896,-0.3952636122703552,0.4968230128288269,0.0969960317015647,0.024705721065402,0.5883566737174988,0.1325858831405639,-0.2414509057998657,0.3828562200069427,0.2060154676437378,0.62038254737854,0.4231281280517578,0.4892177879810333,0.6044245958328247,0.4090869426727295,0.2054654359817505,-1.2411028146743774,0.4623436331748962,0.4911415576934814,-0.6050326228141785
93,normal,0.2832266986370086,0.138782799243927,-0.8497779369354248,0.4869462251663208,0.1213630139827728,-1.4486058950424194,0.3308311104774475,0.1558592319488525,-0.9740569591522216,0.5763212442398071,0.2277993261814117,-1.9724633693695068,0.5446938872337341,0.4891558885574341,-0.6941313147544861,0.5445612072944641,0.2261131703853607,0.5381620526313782,0.5317662358283997,0.4829130172729492,0.6935771107673645
94,normal,0.5735166668891907,0.114124059677124,0.4248800873756408,0.4566677808761596,0.1078225299715995,0.0391544140875339,0.5371948480606079,0.1311489939689636,0.3496712446212768,0.2518095970153808,0.2379350364208221,0.1749866753816604,0.3912206888198852,0.4952596426010132,0.3340447247028351,0.6901999711990356,0.2363204360008239,-0.7505949139595032,0.6040202975273132,0.4992802739143371,-0.3345587849617004
95,normal,0.1748144030570984,0.102741926908493,-0.1923854947090149,0.3616298139095306,0.0898638367652893,-0.7132862210273743,0.2141051441431045,0.1194677948951721,-0.3112891614437103,0.5162630081176758,0.1767960786819458,-1.3497670888900757,0.4979597330093384,0.4515422284603119,-0.71612149477005,0.4319171011447906,0.1977974474430084,1.0861222743988037,0.448487639427185,0.4513359367847442,0.7162877321243286
96,normal,0.4534294903278351,0.1711155772209167,-0.0823756232857704,0.3980613648891449,0.1619170606136322,0.1194383054971695,0.4452922940254211,0.1865560710430145,-0.0107843959704041,0.3517061471939087,0.25090092420578,0.4091263711452484,0.3524636626243591,0.4756618738174438,0.2922083139419555,0.3975363969802856,0.2472893297672271,-0.5214958190917969,0.3827369213104248,0.4769788980484009,-0.292483389377594
97,normal,0.6672202348709106,0.0944523513317108,-0.3219529986381531,0.525017261505127,0.0836146771907806,0.170749232172966,0.6418020725250244,0.112789362668991,-0.1369640231132507,0.4325078129768371,0.1885538250207901,0.9373863339424132,0.4742794930934906,0.4445989429950714,0.7327170968055725,0.4160701334476471,0.1792643219232559,-1.4204896688461304,0.4578923285007477,0.4429164826869964,-0.7326399087905884
98,normal,0.5062365531921387,0.1902140974998474,-0.0860685557126998,0.393401950597763,0.1925781965255737,-0.0737121477723121,0.4797275960445404,0.2340510487556457,-0.0596041306853294,0.3293496072292328,0.3992076516151428,0.2144084721803665,0.3859955072402954,0.8280209898948669,0.313493400812149,0.4701094329357147,0.4068896472454071,-0.8891804814338684,0.5015413761138916,0.8562703132629395,-0.3124054968357086
99,normal,0.4959121942520141,0.1085852980613708,0.4788764119148254,0.4650972783565521,0.1250456571578979,0.7797039151191711,0.4911711513996124,0.1318908929824829,0.5746068358421326,0.4862381219863891,0.2349788397550583,0.8233225345611572,0.4910049140453338,0.5083736181259155,0.1067366823554039,0.3926947712898254,0.1905257105827331,0.2668743729591369,0.4150411486625671,0.4882717132568359,-0.1070334687829017
100,normal,0.4311038255691528,0.1285046935081482,-0.2070300281047821,0.4920182824134826,0.1181227192282676,-0.3626994788646698,0.4417110681533813,0.146522969007492,-0.2402951717376709,0.5128044486045837,0.2120979279279709,-0.5636010766029358,0.5045191645622253,0.4814560413360595,-0.2292307466268539,0.5249634981155396,0.2205462753772735,0.2571907639503479,0.5105974674224854,0.4820830821990967,0.2293866276741027
101,normal,0.3442141711711883,0.2418915033340454,-0.930323600769043,0.54310542345047,0.2189023494720459,-0.8009529709815979,0.4084353446960449,0.2805895209312439,-0.8652650713920593,0.4812120497226715,0.4009354710578918,-1.0136154890060425,0.4136115908622741,0.8177098035812378,-0.3134591579437256,0.5546346306800842,0.3799840807914734,0.2723721861839294,0.4227311313152313,0.8106896877288818,0.3135654926300049
102,normal,0.3843971788883209,0.1013690829277038,-1.5393102169036863,0.5364015102386475,0.0993530452251434,-1.503504753112793,0.4205023050308227,0.1235303580760955,-1.4925501346588137,0.6716127991676331,0.2353551089763641,-1.6316717863082886,0.5712890028953552,0.490814745426178,-0.4173824787139892,0.376090943813324,0.2261941134929657,-0.2574616074562073,0.3837986290454864,0.4859648048877716,0.4168167412281036
103,normal,0.4104951620101928,0.1172330677509307,-0.3564967513084411,0.5085342526435852,0.1068552136421203,-0.6436325311660767,0.4314476251602173,0.1372621357440948,-0.4147439897060394,0.5759538412094116,0.1920183598995208,-0.9697644710540771,0.5564995408058167,0.4768343567848205,-0.41571244597435,0.5781992077827454,0.2011184692382812,0.4338767826557159,0.560430109500885,0.4753336012363434,0.415659099817276
104,normal,0.6064676642417908,0.1064487025141716,-0.4110962748527527,0.516970694065094,0.092455118894577,-0.1383511871099472,0.5898522734642029,0.1267087161540985,-0.3036366403102875,0.4356779754161834,0.205751746892929,0.2823016345500946,0.4724602401256561,0.5017756819725037,0.3664953708648681,0.4243873357772827,0.2057763636112213,-0.9520539045333862,0.4712362587451935,0.5022014379501343,-0.3668870329856872
105,normal,0.5343320369720459,0.0949782729148864,0.6613233685493469,0.4285198152065277,0.0818640291690826,0.4282067120075226,0.5060796141624451,0.1124913692474365,0.6271312832832336,0.2106568962335586,0.1993168443441391,0.5637628436088562,0.296507179737091,0.4699798226356506,0.3994411528110504,0.6049038767814636,0.1801100671291351,-0.5831425189971924,0.5328953266143799,0.463536262512207,-0.4006237685680389
106,normal,0.6238646507263184,0.2843559384346008,-0.1068076863884925,0.6962631940841675,0.2861528396606445,-0.3052007257938385,0.6350907683372498,0.3179443478584289,-0.1575997769832611,0.7216227054595947,0.476188063621521,-0.4990999400615692,0.7293189764022827,0.8655484318733215,-0.2483925372362136,0.7414366006851196,0.4220443367958069,0.3001576662063598,0.7083742022514343,0.8212681412696838,0.2492637783288955
107,normal,0.2349265962839126,0.1027592718601226,-0.0328174158930778,0.3252058327198028,0.085729569196701,-0.4602738916873932,0.2645521759986877,0.1180058419704437,-0.120390847325325,0.35834801197052,0.1740818917751312,-0.9892491698265076,0.4347755312919616,0.4523563086986542,-0.5422363877296448,0.5523526072502136,0.1813056766986847,0.9283108115196228,0.61841881275177,0.4545865356922149,0.5422239303588867
108,normal,0.756502091884613,0.0930435061454773,0.2747813463211059,0.5962880849838257,0.070686250925064,0.5726609230041504,0.7186899185180664,0.1108841896057128,0.3928832113742828,0.1981929540634155,0.1835598349571228,0.9955076575279236,0.3134551644325256,0.4649134874343872,0.6883151531219482,0.6904129981994629,0.1742603778839111,-1.1655563116073608,0.5978800058364868,0.4595850110054016,-0.6897988319396973
109,normal,0.7090896368026733,0.0746281743049621,-2.1480932235717773,0.7011767625808716,0.0646416246891021,-1.0289418697357178,0.7238166332244873,0.0945368111133575,-1.781807541847229,0.8199652433395386,0.1973535269498825,-0.0369546227157115,0.7258588075637817,0.4631573855876922,0.4830131828784942,0.2463796138763427,0.183956503868103,-1.5421186685562134,0.4064698219299316,0.4600095152854919,-0.4833275079727173
110,normal,0.2956447601318359,0.1227419003844261,-0.0118186026811599,0.4432361721992492,0.1113008260726928,-0.4020236730575561,0.3233518302440643,0.1380507946014404,-0.1025710925459861,0.5667889714241028,0.1934252679347992,-0.8408334851264954,0.5489882826805115,0.4517602026462555,-0.4875829517841339,0.4968122839927673,0.2116918265819549,0.8233172297477722,0.5048548579216003,0.4537279903888702,0.4875718355178833
111,normal,0.7827856540679932,0.0994425415992736,0.268465906381607,0.5827164053916931,0.0817270874977111,0.5695224404335022,0.7391073703765869,0.1170257627964019,0.3929657638072967,0.1743153035640716,0.2041101604700088,1.0186524391174316,0.3829260766506195,0.4665775597095489,0.7117069363594055,0.7601094245910645,0.1876455247402191,-1.2550101280212402,0.6753743290901184,0.4636657536029815,-0.714110255241394
112,normal,0.5999968647956848,0.1471557319164276,-0.7747406959533691,0.4546310901641845,0.1350177526473999,-0.3378265798091888,0.5844936370849609,0.1688244044780731,-0.6086503267288208,0.4291462004184723,0.2507363855838775,0.2855648100376129,0.4832963347434997,0.5230003595352173,0.5503028631210327,0.3892620503902435,0.2563201785087585,-1.5362348556518557,0.4648799300193786,0.5212900638580322,-0.5512086153030396
113,normal,0.2506681680679321,0.1019853353500366,-0.3938211500644684,0.3915843367576599,0.0881258845329284,-0.8214319944381714,0.2829830646514892,0.1214038431644439,-0.489901602268219,0.4931421279907226,0.1863209009170532,-1.3552963733673096,0.5155512094497681,0.4616819322109222,-0.5844206213951111,0.5126607418060303,0.1978280842304229,0.7228537797927856,0.5342481732368469,0.4647756516933441,0.5843554735183716
114,normal,0.2902231812477112,0.1154472827911377,-0.4667103290557861,0.4604103565216064,0.1040378510951995,-0.9911649823188782,0.332531064748764,0.1323803961277008,-0.5876567363739014,0.5381214022636414,0.2104286700487136,-1.5738154649734497,0.5078136324882507,0.4642227590084076,-0.6587865948677063,0.60634446144104,0.2082969546318054,0.7806557416915894,0.5304967164993286,0.4613750278949737,0.6582849621772766
115,severe_kyphosis,0.9496759176254272,0.2493068575859069,-0.969800591468811,0.7566651105880737,0.2066367864608764,-0.3580405414104461,0.8970003724098206,0.2839207053184509,-0.7511898279190063,0.5018860697746277,0.4241192042827606,0.3365427255630493,0.4401238858699798,0.9442088603973388,0.7065257430076599,0.43314129114151,0.4473130106925964,-1.9792872667312624,0.4192706942558288,0.9742992520332336,-0.7053384184837341
116,severe_kyphosis,0.8983548879623413,0.2557270526885986,-0.5958507061004639,0.7192409038543701,0.2091568857431411,-0.0655627623200416,0.8335075378417969,0.2892051339149475,-0.4020847678184509,0.4466367661952972,0.4183931350708008,0.5792828798294067,0.3601775169372558,0.9788095951080322,0.6372461318969727,0.3412414193153381,0.4050807356834411,-1.7537871599197388,0.2894451022148132,0.9953649044036864,-0.6356461048126221
117,severe_kyphosis,0.3114956617355346,0.7803218364715576,0.2509865164756775,0.2744089961051941,0.8068247437477112,-0.1681573092937469,0.3445146083831787,0.7685064077377319,0.1423782259225845,0.4093422293663025,0.8331038951873779,-0.4069437086582184,0.8763942122459412,0.4912924468517303,-0.2420271784067154,0.3369957208633423,0.5214965343475342,0.2144814431667328,0.8028581142425537,0.3395751714706421,0.2423941940069198
118,severe_kyphosis,0.7240365743637085,0.2565920054912567,-0.2997106611728668,0.6191259622573853,0.2318881303071975,-0.0534967295825481,0.6962016820907593,0.2816665172576904,-0.2037017196416854,0.5080614686012268,0.3546974658966064,0.2390929013490677,0.506912350654602,0.6955206990242004,0.2891489863395691,0.5054411888122559,0.3709501028060913,-0.7928954362869263,0.5395171046257019,0.721746563911438,-0.2888007760047912
119,severe_kyphosis,0.2863052785396576,0.368041455745697,0.841578483581543,0.2715218365192413,0.3150678873062134,0.2478143274784088,0.299367219209671,0.3831006288528442,0.6877821087837219,0.269938051700592,0.4720586538314819,-0.054454069584608,0.5316805243492126,1.0059312582015991,-0.1451812982559204,0.5922526717185974,0.3654650449752807,0.4054239094257355,0.7579209208488464,0.9473637342453004,0.143690675497055
120,severe_kyphosis,0.6314818263053894,0.3068978190422058,-0.4215240478515625,0.5836073756217957,0.2462844103574752,-0.2215609401464462,0.6064284443855286,0.347658634185791,-0.3445229828357696,0.5083914995193481,0.4281657934188843,0.0510259643197059,0.3090265691280365,0.8061598539352417,0.2277030944824218,0.3783196806907654,0.3843578100204468,-0.6324349045753479,0.2157154977321624,0.8598542213439941,-0.2262844145298004
121,severe_kyphosis,0.1793233156204223,0.2025663703680038,-0.3359985947608948,0.3116970062255859,0.1686994880437851,-0.7422283291816711,0.2251841425895691,0.2411998510360717,-0.4315017461776733,0.3785811960697174,0.3753865361213684,-1.121326923370361,0.6402020454406738,0.914648413658142,-0.4512344300746918,0.4902291297912597,0.3456800580024719,0.525379478931427,0.7164561748504639,0.8675325512886047,0.4518193304538727
122,severe_kyphosis,0.6167476177215576,0.3403677940368652,-0.4984377324581146,0.5053150057792664,0.3097074031829834,-0.1574427038431167,0.5806382894515991,0.3764398694038391,-0.3804241120815277,0.4365091025829315,0.4852543473243713,0.2524087131023407,0.4572754800319671,0.9238775968551636,0.4096311032772064,0.4586710929870605,0.4993628561496734,-1.1040973663330078,0.4455130100250244,0.9481136202812196,-0.4100217521190643
123,severe_kyphosis,0.4458357989788055,0.2143130451440811,0.7060590982437134,0.4707210958003998,0.2241780161857605,0.8135563135147095,0.4524423480033874,0.2322989255189895,0.7217840552330017,0.4807912409305572,0.2741573452949524,0.55350661277771,0.4306492209434509,0.4904885292053222,-0.0809371769428253,0.3901080787181854,0.2996200621128082,0.8614446520805359,0.360304057598114,0.4965697526931762,0.0805415138602256
124,severe_kyphosis,0.1427574157714843,0.1789957284927368,-1.6987141370773315,0.3792380690574646,0.1890878081321716,-1.517225980758667,0.18248251080513,0.2133495509624481,-1.6179779767990112,0.590435802936554,0.380225270986557,-1.652862787246704,0.5855811834335327,0.7011693716049194,-0.3226114213466644,0.2356048971414566,0.3385985493659973,-0.2804941236972809,0.3343505263328552,0.6818617582321167,0.322842925786972
125,severe_kyphosis,0.8871948719024658,0.1350951790809631,-0.8719294667243958,0.7446114420890808,0.1148859858512878,-0.3613161146640777,0.9044167399406432,0.1640906035900116,-0.6926291584968567,0.6198819279670715,0.2917146384716034,0.2887548804283142,0.6410600543022156,0.7232016921043396,0.5119361281394958,0.4665326476097107,0.3126449286937713,-1.628010869026184,0.4968834817409515,0.7381192445755005,-0.5100321173667908
126,severe_kyphosis,0.1111007034778595,0.2906093001365661,-0.9987389445304872,0.3208166360855102,0.249668538570404,-1.5718960762023926,0.1662285923957824,0.3246468901634216,-1.1327319145202637,0.585351288318634,0.5265973210334778,-2.035487651824951,0.6202093958854675,1.1048192977905271,-0.6336996555328369,0.4926642775535583,0.5005285739898682,0.3394548892974853,0.5225493907928467,1.0785709619522097,0.6358610987663269
127,severe_kyphosis,0.8941839933395386,0.0721008777618408,-1.3215301036834717,0.7210253477096558,0.0492151379585266,-0.9724642634391784,0.8408627510070801,0.1296569108963012,-1.1689742803573608,0.6228399276733398,0.2418174892663955,-0.4976302683353424,0.4707193374633789,0.8605691194534302,0.3817645907402038,0.4852358698844909,0.3857876062393188,-1.4853689670562744,0.3992215991020202,0.942922830581665,-0.3812352418899536
129,severe_kyphosis,0.6931622624397278,0.2252441644668579,-0.62375408411026,0.5887733697891235,0.1919220089912414,-0.1935231387615203,0.6659650802612305,0.2568696737289428,-0.4667599201202392,0.5339804887771606,0.3805473744869232,0.3261444270610809,0.4887858927249908,0.9211543202400208,0.3779453039169311,0.4376950562000274,0.4064235389232635,-1.1954575777053833,0.390945702791214,0.9454614520072936,-0.3763418793678283
131,severe_kyphosis,0.6685539484024048,0.1137328371405601,-0.4151654839515686,0.5612084865570068,0.0809052586555481,0.0062789530493319,0.6226561069488525,0.1279215812683105,-0.2554568648338318,0.3403085172176361,0.1887982040643692,0.6158066391944885,0.2910851240158081,0.4637629687786102,0.5939957499504089,0.2991619408130646,0.1752161979675293,-1.3420274257659912,0.2653653919696808,0.4641817510128021,-0.593949019908905
132,severe_kyphosis,0.6159738898277283,0.3111699521541595,-0.5885745882987976,0.5734549164772034,0.2738536894321441,-1.1513205766677856,0.5902820825576782,0.3175125122070312,-0.6857763528823853,0.3655374944210052,0.3081921339035034,-1.0509215593338013,0.4364996552467346,0.6244822144508362,0.0263290535658597,0.720761239528656,0.3649733662605285,-1.2169702053070068,0.634837806224823,0.647217333316803,-0.0257532391697168
133,severe_kyphosis,0.3421858847141266,0.5351521968841553,-0.0341343209147453,0.3032293021678924,0.5103706121444702,-0.2339043170213699,0.3513078093528747,0.5207278728485107,-0.0770566314458847,0.3628373146057129,0.4825224578380584,-0.4103576838970184,0.667884111404419,0.4614665508270263,-0.2284530699253082,0.3629242777824402,0.4504059255123138,0.2585262656211853,0.6462560296058655,0.4516201019287109,0.2290358990430832
134,severe_kyphosis,0.3482953608036041,0.2187688797712326,-0.1783130764961242,0.3763960301876068,0.1818125545978546,-0.3680641651153564,0.3741824328899383,0.2234953045845031,-0.2185074687004089,0.4779542088508606,0.2342630475759506,-0.5499739050865173,0.5158556699752808,0.5008467435836792,-0.2257631421089172,0.4499350488185882,0.2508600950241089,0.2397989332675933,0.4937391579151153,0.5042588114738464,0.226036936044693
135,severe_kyphosis,0.5039577484130859,0.1771814227104187,-0.2356074154376983,0.4239753782749176,0.1724132895469665,-0.1289248317480087,0.4950159192085266,0.2126144766807556,-0.1915665864944458,0.3841331601142883,0.3771188259124756,0.1401364505290985,0.4550363421440124,0.8112330436706543,0.2664148807525635,0.4140855669975281,0.3714593648910522,-0.7746524214744568,0.4705497622489929,0.8218567371368408,-0.2653781771659851
136,severe_kyphosis,0.605522632598877,0.2246058583259582,-0.4173226058483124,0.5386840105056763,0.2043129801750183,-0.1556394398212433,0.5890463590621948,0.2630033493041992,-0.3168295621871948,0.3881013393402099,0.3692414760589599,0.1673029363155365,0.3577593863010406,0.815640926361084,0.3241240978240967,0.4827908277511596,0.3840883076190948,-0.849069356918335,0.3784480392932892,0.8637440800666809,-0.3241370320320129
137,severe_kyphosis,0.5149948596954346,0.2963795363903045,-0.5137021541595459,0.4355104565620422,0.2920193076133728,-0.2407538145780563,0.5078189373016357,0.3313568532466888,-0.4163031578063965,0.3916181623935699,0.4659383594989776,0.136608675122261,0.3657539784908294,0.8213753700256348,0.3250230848789215,0.4310148656368255,0.494918018579483,-1.0288242101669312,0.3568281829357147,0.842562198638916,-0.3237149715423584
138,severe_kyphosis,0.5618687868118286,0.1496120691299438,-0.5690675377845764,0.5279887914657593,0.1247387528419494,-0.220771387219429,0.5564312934875488,0.1841331124305725,-0.4342964589595794,0.5423077940940857,0.3120081424713135,0.2129992544651031,0.4585525393486023,0.83493572473526,0.3551863729953766,0.3810640573501587,0.3138636350631714,-1.0633245706558228,0.3791511952877044,0.8430272936820984,-0.3536293506622314
140,severe_kyphosis,0.6088302731513977,0.0711719393730163,-0.2747845351696014,0.5544289946556091,0.0555863976478576,0.095607042312622,0.5888145565986633,0.1190603375434875,-0.1269889771938324,0.46774423122406,0.2911937236785888,0.6267322301864624,0.5678704380989075,0.9456859827041626,0.5171297192573547,0.4137207269668579,0.2924400568008423,-1.3532192707061768,0.5119503736495972,0.9636328220367432,-0.5153931975364685
141,severe_kyphosis,0.7695213556289673,0.0371462106704711,-0.3933908343315124,0.659701943397522,0.0063828229904174,-0.0541094206273555,0.7304743528366089,0.0701287984848022,-0.2423906177282333,0.4721980690956116,0.1611442565917968,0.5494272708892822,0.427848756313324,0.647666871547699,0.4689586758613586,0.4830824136734009,0.1644763052463531,-1.2527613639831543,0.4479634165763855,0.6890780329704285,-0.4684570431709289
142,severe_kyphosis,0.1312841475009918,0.0830539464950561,-1.1205401420593262,0.3091590404510498,0.0669857859611511,-1.5486167669296265,0.2031895518302917,0.11781507730484,-1.1771327257156372,0.5480396747589111,0.3229331970214844,-1.5401971340179443,0.5535985231399536,0.8639429807662964,-0.3557471036911011,0.362909197807312,0.2518334984779358,-0.1671731024980545,0.4010463654994964,0.8218456506729126,0.3573240041732788
143,severe_kyphosis,0.2925062477588653,0.1608983874320984,-0.4988476037979126,0.4811664819717407,0.1453113555908203,-0.9847342371940612,0.342229962348938,0.1928388476371765,-0.6157462000846863,0.6031745672225952,0.3372916281223297,-1.40008544921875,0.4961197078227997,0.797372579574585,-0.4679799675941467,0.6253228783607483,0.3178410828113556,0.4473945498466491,0.4916191101074219,0.7867563962936401,0.46875
144,severe_kyphosis,0.5546447038650513,0.315450519323349,-0.1449144333600998,0.5088382363319397,0.2867381572723388,-0.0196339264512062,0.5443286299705505,0.3396938741207123,-0.1033734530210495,0.4584968686103821,0.4445891082286834,0.1501168757677078,0.4344129264354706,0.7968000769615173,0.1797939091920852,0.4507293105125427,0.4550369381904602,-0.4464461207389831,0.4482063055038452,0.8249309659004211,-0.1801119446754455
145,severe_kyphosis,0.0650576949119567,0.1258025169372558,-1.4344918727874756,0.2738702595233917,0.1106358766555786,-2.047818422317505,0.117470808327198,0.1414966583251953,-1.571073293685913,0.5617181658744812,0.2185433506965637,-2.670285224914551,0.7166831493377686,0.4733860194683075,-0.8567392230033875,0.5668888688087463,0.2138320207595825,0.330291599035263,0.6260665655136108,0.467120498418808,0.8559165596961975
146,severe_kyphosis,0.6423130035400391,0.1892845630645752,-0.1846587806940078,0.5782302021980286,0.1567413806915283,0.0174521785229444,0.624942421913147,0.2214670777320861,-0.1132796108722686,0.4794661998748779,0.3358721733093261,0.2610627710819244,0.411751240491867,0.7949045896530151,0.2299453914165496,0.4534123539924621,0.3210444748401642,-0.5684016346931458,0.3677185475826263,0.8048170208930969,-0.2293044328689575
147,severe_kyphosis,0.5012611150741577,0.1792778670787811,-0.0557688139379024,0.4419799745082855,0.167177528142929,-0.0016640851972624,0.4852390587329864,0.1990183889865875,-0.0265925880521535,0.34713014960289,0.280994713306427,0.1786479204893112,0.4103006720542907,0.5049991607666016,0.2264196276664734,0.4522120058536529,0.2619490623474121,-0.5241600871086121,0.4521760940551758,0.5025302171707153,-0.2268308401107788
148,severe_kyphosis,0.4022327065467834,0.3288295865058899,-0.4592366814613342,0.4986166954040527,0.3052178025245666,-1.092445731163025,0.4459370672702789,0.3665683269500732,-0.5834031701087952,0.5157513618469238,0.5031764507293701,-1.4211848974227903,0.535198986530304,0.9103844165802002,-0.3997358083724975,0.7148544788360596,0.4711178541183471,0.2502875924110412,0.5560234785079956,0.8967145681381226,0.4022068679332733
149,severe_kyphosis,0.4074683487415313,0.288819283246994,-0.2077329754829406,0.4713820517063141,0.2798146903514862,-0.3541668355464935,0.4251804649829864,0.3057543039321899,-0.2429567873477935,0.5541225671768188,0.395071804523468,-0.5116053819656372,0.559813380241394,0.6414682865142822,-0.2002220749855041,0.5101745128631592,0.381261259317398,0.1546776443719864,0.5182749032974243,0.6090571880340576,0.2000848352909088
